{
  "version": 1,
  "author": "Anonymous maker",
  "editor": "wokwi",
  "parts": [
    { "type": "wokwi-esp32-devkit-v1", "id": "esp", "top": 0, "left": 0, "attrs": {} },
    { "type": "wokwi-dht22", "id": "dht1", "top": -17.3, "left": 156.87, "attrs": {} },
    {
      "type": "wokwi-hc-sr04",
      "id": "ultrasonic1",
      "top": -123.76,
      "left": -231.82,
      "attrs": { "distance": "327" }
    },
    {
      "type": "wokwi-resistor",
      "id": "r1",
      "top": 19.33,
      "left": 252.12,
      "rotate": 90,
      "attrs": { "value": "1000" }
    },
    {
      "type": "wokwi-resistor",
      "id": "r2",
      "top": 103.62,
      "left": 255.91,
      "rotate": 270,
      "attrs": { "value": "1000" }
    },
    {
      "type": "wokwi-resistor",
      "id": "r3",
      "top": 29.05,
      "left": -78.58,
      "rotate": 90,
      "attrs": { "value": "1000" }
    },
    {
      "type": "wokwi-led",
      "id": "led1",
      "top": -45.77,
      "left": -78.65,
      "attrs": { "color": "red" }
    },
    {
      "type": "wokwi-buzzer",
      "id": "bz1",
      "top": -152.01,
      "left": 27.36,
      "attrs": { "volume": "0.1" }
    }
  ],
  "connections": [
    [ "esp:TX0", "$serialMonitor:RX", "", [] ],
    [ "esp:RX0", "$serialMonitor:TX", "", [] ],
    [ "dht1:VCC", "esp:3V3", "red", [ "v59.27", "h-70.37" ] ],
    [ "dht1:SDA", "esp:D15", "green", [ "v39.93", "h-79.87" ] ],
    [ "dht1:GND", "esp:GND.1", "black", [ "v49.93", "h-98.5" ] ],
    [ "r1:2", "r2:2", "green", [ "h0" ] ],
    [ "ultrasonic1:GND", "esp:GND.1", "black", [ "v161.13", "h146.22" ] ],
    [ "led1:A", "r3:1", "green", [ "v6.83", "h3.3" ] ],
    [ "esp:D2", "r3:2", "green", [ "h-126.06", "v-32.38" ] ],
    [ "ultrasonic1:VCC", "esp:VIN", "red", [ "v0" ] ],
    [ "led1:C", "esp:GND.2", "green", [ "v155.46", "h-7.35" ] ],
    [ "ultrasonic1:TRIG", "esp:D18", "green", [ "v0" ] ],
    [ "ultrasonic1:ECHO", "r1:1", "green", [ "v-21.35", "h422.09", "v0" ] ],
    [ "r2:1", "esp:GND.1", "green", [ "h-129.49", "v32.88" ] ],
    [ "esp:D5", "r1:2", "green", [ "h166.23", "v-22.18" ] ],
    [ "esp:D21", "bz1:2", "green", [ "h0" ] ],
    [ "esp:GND.2", "bz1:1", "black", [ "h41.25", "v-171.53" ] ]
  ],
  "dependencies": {}
}